id,title,authors,year,journal,doi,official_url,pubmed_url,category,study_type,population,variables,key_findings,limitations,rag_summary,keywords
H01,The Impact of Heatwaves on Mortality and Morbidity and the Associated Vulnerability Factors: A Systematic Review,Not available,2022,International Journal of Environmental Research and Public Health (per PubMed record),Not available,https://www.ncbi.nlm.nih.gov/pmc/articles/PMC9738283/,https://pubmed.ncbi.nlm.nih.gov/36498428/,"Heat, Weather & Human Health","Systematic review (PRISMA 2020, PROSPERO CRD42021232847)","32 articles (2012-2022), human populations, global","Heatwave exposure; all-cause/cause-specific mortality and morbidity; sensitivity-based vulnerability factors (age, sex, SES, comorbidity, rurality)","Heatwave events increase mortality and morbidity incidence; elderly, children, low-SES groups, people with cardiopulmonary/renal/mental disease and rural residents show heightened vulnerability",Narrative synthesis across heterogeneous heatwave definitions and outcome metrics; risk-of-bias varies by included study; no pooled effect size for India specifically,"Systematic review (32 studies, 2012-2022) confirming heatwaves raise mortality/morbidity, with elderly, low-SES, rural and comorbid populations most vulnerable; supports personalized-risk vulnerability weighting in SwasthyaSathi.",heatwave; mortality; morbidity; vulnerability; systematic review; elderly; comorbidity
H02,"Vulnerability to Heat-related Mortality: A Systematic Review, Meta-analysis, and Meta-regression Analysis",Not available,Not available,Not available,Not available,https://pubmed.ncbi.nlm.nih.gov/26332052/,https://pubmed.ncbi.nlm.nih.gov/26332052/,"Heat, Weather & Human Health","Systematic review, meta-analysis, meta-regression","Studies 1980-2014, multiple subgroups (age, SES) globally","Ambient temperature/heat waves; mortality; subgroup vulnerability (age >65, >75, low SES)","Strongest evidence of heat-vulnerability found for elderly (>65, >75 years) and low socioeconomic-status groups; evidence for other subgroups (children, people living alone) inconclusive",Heterogeneity between subgroup definitions across studies; RRR meta-regression sensitive to study selection; causal pathways not established for all subgroups,"Meta-analysis/meta-regression showing the elderly and low-SES individuals carry the strongest evidence for heat-mortality vulnerability, while evidence for children/isolated individuals remains inconclusive — useful for calibrating age/SES risk weights without over-claiming for under-evidenced groups.",heat-related mortality; vulnerability; meta-regression; elderly; socioeconomic status
H03,Association between ambient temperature and heat waves with mortality in South Asia: Systematic review and meta-analysis,Not available,2021,Environment International (per PubMed record),Not available,https://pubmed.ncbi.nlm.nih.gov/33395923/,https://pubmed.ncbi.nlm.nih.gov/33395923/,"Heat, Weather & Human Health",Systematic review and meta-analysis (Navigation Guide methodology),"27 studies (qualitative synthesis), 5 in meta-analysis; South Asia, 1990-2020",Ambient temperature; heat waves; all-cause mortality,U-shaped mortality-temperature relationship in South Asia with increased mortality at both high and low temperatures; statistically significant heat-wave association reported in a subset of studies,Only 5 of 27 eligible studies could be pooled quantitatively; substantial regional heterogeneity within South Asia; India-specific effect sizes not separately reported in abstract,"South-Asia-specific systematic review/meta-analysis (highly relevant to an India-based tool) confirming a U-shaped temperature-mortality relationship, with heat waves associated with excess all-cause mortality across the region.",South Asia; India; heat wave; ambient temperature; mortality; meta-analysis
H04,Impact of heatwave on mortality under different heatwave definitions: A systematic review and meta-analysis,Not available,2016,Environment International,Not available,https://www.sciencedirect.com/science/article/abs/pii/S0160412016300411,https://pubmed.ncbi.nlm.nih.gov/26878285/,"Heat, Weather & Human Health",Systematic review and meta-analysis,"Studies published 2000-2015, five databases searched",Heatwave definition (percentile/duration thresholds); total and cardiorespiratory mortality,Heatwave-related mortality risk increased 3-16% depending on the temperature-percentile/duration threshold used to define a heatwave; magnitude of effect is definition-dependent,"No universally consistent heatwave definition exists, complicating cross-study comparison; effect sizes not directly transferable to non-included regions",Meta-analysis showing that the mortality risk attributed to a 'heatwave' varies substantially (3-16% increase) depending on which percentile/duration threshold is used to define it — important for how SwasthyaSathi calibrates its own heat-alert thresholds without overstating precision.,heatwave definition; mortality risk; percentile threshold; meta-analysis
H05,Association of heat and cold waves with cause-specific mortality in Iran: a systematic review and meta-analysis,Not available,2024,Scientific Reports (per PubMed record),Not available,https://pubmed.ncbi.nlm.nih.gov/39375490/,https://pubmed.ncbi.nlm.nih.gov/39375490/,"Heat, Weather & Human Health",Systematic review and meta-analysis,"Iran, multiple regions","Heat/cold waves; all-cause, cardiovascular, respiratory mortality; age and sex subgroups","Heat waves significantly increased all-cause, cardiovascular and respiratory mortality; elderly (>65) showed larger effect sizes than younger groups",Findings specific to Iranian climate/health-system context; cross-country generalizability uncertain,"Regional (Iran) meta-analysis reinforcing that heat waves elevate cardiovascular and respiratory mortality more than all-cause mortality broadly, and that elderly populations bear a disproportionate share of this risk.",heat wave; cold wave; cardiovascular mortality; respiratory mortality; Iran
H06,Assessing Heat-Related Mortality Risks among Rural Populations: A Systematic Review and Meta-Analysis of Epidemiological Evidence,Not available,2018,International Journal of Environmental Research and Public Health (per PMC record),Not available,https://www.ncbi.nlm.nih.gov/pmc/articles/PMC6122068/,Not available,"Heat, Weather & Human Health",Systematic review and meta-analysis,"14 studies, 7 countries, 4 continents, rural settings; 11 in meta-analysis",Daily mean temperature; all-cause and cardiovascular mortality in rural areas,Pooled RR = 1.030 (95% CI 1.013-1.048) for all-cause mortality and RR = 1.111 (95% CI 1.045-1.181) for cardiovascular mortality per 1°C increase; rural excess risk not smaller than urban,Only 14 eligible studies found globally on rural heat mortality — an evidence gap; heterogeneous rural definitions across countries,"Quantifies heat-mortality dose-response in rural populations: roughly 3% higher all-cause mortality and 11% higher cardiovascular mortality per 1°C rise, relevant for SwasthyaSathi's rural/outdoor-worker risk messaging.",rural; heat-related mortality; cardiovascular; dose-response; meta-analysis
H07,"Mortality, morbidity and healthcare costs of short-term high temperatures and heatwaves exposure in older populations: a global systematic review and meta-analysis",Not available,2026,Environment International,Not available,https://www.sciencedirect.com/science/article/pii/S0160412026000875,Not available,"Heat, Weather & Human Health","Systematic review and meta-analysis (PROSPERO CRD42023423311, Navigation Guide framework)","623 eligible studies (of 21,610 screened), 6 continents, 305 locations, older adults","Short-term high temperature/heatwave exposure; ICD-10 cause-specific mortality, morbidity, healthcare costs in older adults","Confirms elevated cardiovascular, respiratory and cerebrovascular mortality/morbidity in older adults during heat exposure; identifies additional risks (self-harm, digestive disease, COPD, asthma, dementia) not previously synthesized",Very recent/large review; effect heterogeneity across climate zones; healthcare-cost estimates vary by country income level,"Large-scale (623-study) 2026 meta-analysis specifically on older adults, confirming heat raises risk not just for cardiovascular/respiratory disease but also self-harm, COPD, and dementia-related morbidity — supports broader elderly risk-flagging beyond classic heatstroke.",older adults; heatwave; healthcare costs; ICD-10; dementia; cardiovascular
H08,A physiological approach for assessing human survivability and liveability to heat in a changing climate,Jane W. Baldwin; Coen Bongers; Kristie L. Ebi; et al.,2023,Nature Communications,10.1038/s41467-023-43121-5,https://www.nature.com/articles/s41467-023-43121-5,https://www.ncbi.nlm.nih.gov/pmc/articles/PMC10687011/,"Heat, Weather & Human Health",Physiological/biophysical modeling study,"Modeled young and older adults, male/female, sun/shade scenarios",Wet-bulb temperature (Tw); age; sex; sun exposure; survivability and liveability limits,"Physiology-based survivability limits are 0.9-13.1°C lower than the classic 35°C Tw threshold, especially in hot-dry conditions and for older females (7.2-13.1°C lower)","Modeling study, not direct clinical outcome data; assumes idealized conditions (shade, hydration); real-world acclimatization and clothing vary","Shows the traditional 35°C wet-bulb survivability limit substantially underestimates risk, especially for older adults and in dry heat — SwasthyaSathi's environmental risk fusion should not treat 35°C Tw as a universal 'safe' cutoff.",wet-bulb temperature; survivability; heat physiology; older adults; climate change
H09,Mapping Human Survivability at Extreme Wet-Bulb Temperatures 32-35°C,Not available,2025,"bioRxiv (preprint, not yet peer-reviewed)",Not available,https://www.biorxiv.org/content/10.1101/2025.09.22.677706.full.pdf,Not available,"Heat, Weather & Human Health",Controlled human laboratory exposure study (preprint),"60 young males, 48 young females; controlled chamber study",Wet-bulb temperature 32-35°C; metabolic rate; prolonged heat exposure tolerance,Empirical human chamber data extends prior modeling; critical Tw thresholds for uncompensable heat stress observed within 24.1-34.6°C range depending on conditions,"PREPRINT — not yet peer-reviewed; young/healthy sample only, not generalizable to elderly or comorbid populations",Preprint (flag as not yet peer-reviewed) providing rare empirical (not just modeled) human data on survivable wet-bulb temperature ranges — should be cited as preliminary evidence only.,wet-bulb temperature; human chamber study; heat tolerance; preprint
H10,Validating new limits for human thermoregulation,Not available,2025,Not available,Not available,https://pubmed.ncbi.nlm.nih.gov/40163728/,https://pubmed.ncbi.nlm.nih.gov/40163728/,"Heat, Weather & Human Health",Commentary/validation study on thermoregulation limits,Not available,Wet-bulb temperature; thermoregulatory failure threshold,Laboratory studies suggest humans cannot effectively thermoregulate at wet-bulb temperatures above 26-31°C — considerably lower than the widely publicized 35°C threshold,"Based on limited laboratory exposure durations; population-specific thresholds (age, fitness) not fully resolved","Reinforces that safe wet-bulb thermoregulation may fail well below 35°C (as low as 26-31°C), a key caution against using 35°C as SwasthyaSathi's critical heat threshold.",thermoregulation; wet-bulb temperature; heat limits
H11,Is a wet-bulb temperature of 35°C the correct threshold for human survivability?,Not available,2023,Environmental Research Letters (IOPscience),Not available,https://iopscience.iop.org/article/10.1088/1748-9326/ace83c,Not available,"Heat, Weather & Human Health",Physiological/heat-index modeling study,"Modeled acclimatized, young, healthy adult outdoors in shade",Wet-bulb temperature; heat index; outdoor habitability thresholds,Heat-index-based model provides two-threshold system (vs single Tw value); questions whether 35°C Tw over- or under-estimates true survivability depending on wind/radiative conditions,"Focused on healthy, acclimatized adults — does not address vulnerable subgroups directly; outdoor/shade-only scenario","Provides an alternative heat-index-based framework (beyond single wet-bulb value) for assessing outdoor heat habitability, useful context for how 'feels-like' temperature relates to physiological risk.",heat index; wet-bulb temperature; outdoor habitability; climate
A01,Short-Term PM2.5 Exposure and Cardiovascular Mortality: A Global Exposure-Response Analysis to Inform Alert Thresholds,Not available,2025,Journal of the American College of Cardiology (JACC),10.1016/j.jacc.2025.11.055,https://www.jacc.org/doi/10.1016/j.jacc.2025.11.055,Not available,Air Quality & Health,"Systematic review and meta-analysis (3-stage meta-regression, spline functions)","100 epidemiologic studies, 123 effect estimates, global, up to May 2025",Short-term PM2.5 exposure; cardiovascular mortality; nonlinear exposure-response,Nonlinear exposure-response relationship confirmed; proposed alert threshold of 136 µg/m3 could prevent 73.2% of attributable deaths while affecting only 32% of at-risk person-days,"Global pooled function may not reflect India-specific baseline pollution/comorbidity context; alert-threshold trade-off is a policy choice, not a clinical cutoff",Most current (2025) global meta-analysis establishing a nonlinear PM2.5-cardiovascular mortality curve and a candidate short-term alert threshold (136 µg/m3) — directly relevant to SwasthyaSathi's AQI-based risk fusion engine.,PM2.5; cardiovascular mortality; exposure-response; alert threshold; air quality
A02,"Short-term exposure to particulate matter (PM10 and PM2.5), nitrogen dioxide (NO2), and ozone (O3) and all-cause and cause-specific mortality: Systematic review and meta-analysis",Not available,2020,Environment International (per PubMed record),Not available,https://pubmed.ncbi.nlm.nih.gov/32590284/,https://pubmed.ncbi.nlm.nih.gov/32590284/,Air Quality & Health,Systematic review and meta-analysis,"Observational time-series studies, outdoor air pollution, non-occupational","PM10, PM2.5, NO2, O3; all-cause, cardiovascular, respiratory, cerebrovascular mortality","Positive association found between short-term PM10/PM2.5/NO2/O3 exposure and all-cause mortality; PM10 and PM2.5 also linked to cardiovascular, respiratory and cerebrovascular mortality; robust to sensitivity analyses",Effect sizes per 10 µg/m3 increase may not linearly extrapolate to India's higher ambient pollution levels,"Establishes high-confidence, multi-pollutant (PM10, PM2.5, NO2, O3) short-term mortality associations for all-cause and cause-specific outcomes — core evidence for the AQI component of the risk engine.",PM10; PM2.5; NO2; ozone; short-term exposure; mortality
A03,Long-term exposure to particulate matter on cardiovascular and respiratory diseases in low- and middle-income countries: A systematic review and meta-analysis,Not available,2023,Frontiers in Public Health,Not available,https://www.frontiersin.org/journals/public-health/articles/10.3389/fpubh.2023.1134341/full,Not available,Air Quality & Health,Systematic review and meta-analysis (PRISMA 2020),"38 cohort/case-control studies, low- and middle-income countries","PM1, PM2.5, PM10; cardiovascular and respiratory morbidity/mortality in LMICs",Long-term PM exposure associated with cardiovascular and respiratory morbidity/mortality in LMICs; PM1 effects understudied relative to PM2.5/PM10,"LMIC studies underrepresented (only 38 of 1,978 initial hits met criteria); heterogeneous exposure assessment methods","LMIC-focused (relevant to India) systematic review confirming long-term PM exposure raises cardiovascular/respiratory disease risk, while flagging that finer PM1 particles remain understudied in these settings.",LMIC; PM1; PM2.5; PM10; cardiovascular; respiratory; air pollution
A04,Relationship between fine particulate matter (PM2.5) concentration and risk of hospitalization due to chronic obstructive pulmonary disease: a systematic review and meta-analysis,Not available,2023,Not available,Not available,https://www.ncbi.nlm.nih.gov/pmc/articles/PMC10641956/,Not available,Air Quality & Health,Systematic review and meta-analysis,"19 studies, 2010-2022",PM2.5 concentration; COPD hospitalization risk (odds ratio),Pooled analysis (19 studies) shows a significant association between PM2.5 exposure and increased COPD hospitalization risk,High heterogeneity across included studies (I2 = 94.86%); publication bias examined but residual bias possible,"Confirms PM2.5 elevation is linked to increased COPD hospitalization risk, relevant to flagging respiratory-vulnerable users during poor-AQI periods.",PM2.5; COPD; hospitalization; respiratory disease
A05,Epidemiological Association Between Long-Term Fine Particulate Matter Exposure and Cardiovascular Disease: A Systematic Review and Meta-Analysis,Not available,2025,Not available,Not available,https://www.ncbi.nlm.nih.gov/pmc/articles/PMC12831939/,Not available,Air Quality & Health,Systematic review and meta-analysis (PRISMA),"4 cohort studies, adults ≥15 years without baseline CVD","Long-term PM2.5 exposure; CVD incidence, cardiovascular mortality, ischemic heart disease","Increased CVD risk with long-term PM2.5 exposure (pooled HR 1.22, 95% CI 1.06-1.41); cardiovascular mortality and IHD associations were NOT statistically significant in this pooled analysis",Very small number of pooled studies (n=4); high heterogeneity (I2 up to 96%); non-significant findings for mortality/IHD should not be over-interpreted as 'no risk',"Important nuance: while overall CVD incidence rises with long-term PM2.5 exposure, this particular meta-analysis did NOT find a statistically significant link to cardiovascular mortality or ischemic heart disease specifically — illustrates why SwasthyaSathi must not claim mortality-level certainty from PM2.5 alone.",PM2.5; cardiovascular disease; ischemic heart disease; meta-analysis; non-significant
A06,Sex Differences in Cardiovascular Risk Associated With Long-Term PM2.5 Exposure: A Systematic Review and Meta-Analysis of Cohort Studies,Not available,2022,Not available,Not available,https://www.ncbi.nlm.nih.gov/pmc/articles/PMC8847390/,Not available,Air Quality & Health,Systematic review and meta-analysis of cohort studies (PRISMA),25 cohort studies; 3.6M IHD and 1.3M stroke cases among 63.7M participants,Long-term PM2.5; sex-specific IHD and stroke risk,Long-term PM2.5 exposure associated with IHD and stroke in both sexes; explores possible (not conclusively proven) greater vulnerability in women via relative-risk-ratio comparisons,Sex-difference findings are exploratory/heterogeneous across cohorts; not a basis for individual-level sex-specific diagnosis,"Large pooled cohort evidence linking long-term PM2.5 to ischemic heart disease and stroke, with exploratory (not definitive) evidence of sex-based differences in vulnerability.",PM2.5; sex differences; ischemic heart disease; stroke; cohort studies
A07,"Effect modification by sex for associations of fine particulate matter (PM2.5) with cardiovascular mortality, hospitalization, and emergency room visits: systematic review and meta-analysis",Not available,2022,Not available,Not available,https://pubmed.ncbi.nlm.nih.gov/35662857/,https://pubmed.ncbi.nlm.nih.gov/35662857/,Air Quality & Health,Systematic review and meta-analysis (GRADE quality rating),"Studies Jan 1995-Feb 2020, multiple countries","PM2.5; cardiovascular mortality, hospitalization, ER visits; sex as effect modifier",Evidence for sex-differential cardiovascular risk from PM2.5 remains unclear/mixed after GRADE quality assessment,Explicitly flagged by the authors as producing unclear evidence for sex-based risk differences — should not be used to assert a definitive sex-specific risk claim,"A caution-flag paper: despite pooling substantial data, evidence for whether men or women face higher PM2.5-cardiovascular risk remains genuinely unclear per GRADE assessment.",PM2.5; sex differences; cardiovascular mortality; GRADE; uncertain evidence
A08,Association between PM2.5 and risk of hospitalization for myocardial infarction: a systematic review and a meta-analysis,Not available,2018,Not available,Not available,https://www.ncbi.nlm.nih.gov/pmc/articles/PMC7068986/,Not available,Air Quality & Health,Systematic review and meta-analysis,"26 studies, up to June 2018",Short-term PM2.5 exposure; myocardial infarction hospitalization risk,"10 µg/m3 increase in PM2.5 associated with RR = 1.02 (95% CI 1.01-1.03, p≤0.0001) for MI hospitalization — a small but statistically significant increase",Effect size is modest; residual confounding from co-pollutants and weather not fully addressed in all included studies,Quantifies a small but statistically robust increase in myocardial infarction hospitalization risk per 10 µg/m3 PM2.5 rise — useful for calibrating (not overstating) cardiac risk messaging tied to AQI spikes.,PM2.5; myocardial infarction; hospitalization; relative risk
A09,PM2.5 and cardiovascular diseases: State-of-the-Art review,Not available,2023,ScienceDirect (journal not specified in retrieved excerpt),Not available,https://www.sciencedirect.com/science/article/pii/S2772487523000508,Not available,Air Quality & Health,Narrative/state-of-the-art review,Synthesis of cohort and meta-analytic studies,PM2.5; arrhythmias (atrial fibrillation); stroke; broader cardiovascular disease spectrum,Cites a meta-analysis of 16 cohort studies (>2.2M individuals) linking long-term PM2.5 to stroke; separately notes PM2.5 associated with increased atrial fibrillation risk (~22% in one Taiwan study),Narrative review format — not itself a primary systematic review; individual cited effect sizes vary by study design,"Broad review connecting PM2.5 to a wider cardiovascular spectrum including stroke and atrial fibrillation, beyond the more commonly cited MI/CVD mortality endpoints.",PM2.5; atrial fibrillation; stroke; cardiovascular disease; review
A10,Air Pollution and Headache Disorders,Not available,Not available,Annals of Indian Academy of Neurology,Not available,https://www.ovid.com/jnls/annalsofian/fulltext/10.4103/aian.aian_1138_21~air-pollution-and-headache-disorders,Not available,Air Quality & Health,Narrative review,Synthesis of epidemiological and clinical studies,"Air pollution (NO2, CO, PM); headache and migraine disorders","Air pollution is associated with several neurological disorders including headache/migraine, plausibly via oxidative stress and neurogenic inflammation pathways","Narrative (non-systematic) review; causal mechanism proposed but not definitively established; published in an Indian neurology journal, giving some regional relevance","India-published review linking ambient air pollution to headache/migraine disorders — useful evidence base for AQI-linked headache-symptom flags, with appropriate caution about correlational strength.",air pollution; headache; migraine; neurological disorders; India
A11,The association between ambient air pollution and migraine: a systematic review,Not available,2024,Environmental Monitoring and Assessment,Not available,https://link.springer.com/content/pdf/10.1007/s10661-024-12376-w.pdf,Not available,Air Quality & Health,Systematic review,"14 of 1,417 identified articles met inclusion criteria","NO2, CO, PM2.5, PM10; migraine occurrence",NO2 (78.3% of relationships) and CO (68.0%) most consistently associated with migraine triggering among gaseous pollutants; evidence needs confirmation in larger studies,"Only 14 studies met inclusion criteria out of 1,417 screened; authors explicitly state findings need confirmation in larger-scale studies","Systematic review finding a plausible but not yet firmly confirmed link between NO2/CO exposure and migraine — should be presented as suggestive, not conclusive, evidence.",air pollution; migraine; NO2; carbon monoxide; systematic review
P01,Evaluating the Accuracy of Low-Cost Wearable Sensors for Healthcare Monitoring,Not available,2025,Micromachines (per PMC record),Not available,https://www.ncbi.nlm.nih.gov/pmc/articles/PMC12299930/,Not available,Physiological Signals & Health,Validation study (Bland-Altman analysis),"10 participants, 10-day monitoring period",Heart rate; SpO2; blood pressure trend; body temperature via PPG/IR wearable prototype,"Bland-Altman analysis found clinically acceptable agreement thresholds (±5mmHg BP, ±5-10bpm HR, ±4% SpO2, ±0.5°C temp) versus validated commercial devices","Very small sample (n=10); prototype device, not commercially validated at scale; short monitoring window","Small validation study showing low-cost wearable prototypes can achieve clinically acceptable accuracy for HR, SpO2, BP-trend and temperature — relevant baseline for SwasthyaSathi's sensor accuracy claims, with the caveat of small sample size.",wearable sensor; heart rate; SpO2; validation; Bland-Altman
P02,Assessment of Physiological Signals from Photoplethysmography Sensors Compared to an Electrocardiogram Sensor: A Validation Study in Daily Life,Not available,2024,Not available,Not available,https://www.ncbi.nlm.nih.gov/pmc/articles/PMC11548599/,Not available,Physiological Signals & Health,Free-living validation study,"25 healthy volunteers, 10 days",PPG-derived heart rate (HR) and HRV vs ECG reference,"PPG-derived HR/HRV showed reasonable accuracy (mean absolute error <1 bpm for HR, 6-15ms for HRV), best during sleep; accuracy degraded during activity (14-51% higher relative error)","Healthy volunteers only; accuracy substantially reduced during movement/activity, a key limitation for real-world continuous monitoring",Establishes that consumer PPG wearables are reasonably accurate for HR/HRV at rest/sleep but notably less reliable during activity — important for SwasthyaSathi to avoid over-trusting vitals during active outdoor exposure.,PPG; ECG; heart rate variability; validation; free-living
P03,Continuous Monitoring of Heart Rate Variability in Free-Living Conditions Using Wearable Sensors: Exploratory Observational Study,Pooja Gaur; Dorota S Temple; Meghan Hegarty-Craver; Matthew D Boyce; Jonathan R Holt; Michael F Wenger; Edward A Preble; Randall P Eckhoff; Michelle S McCombs; Hope C Davis-Wilson; Howard J Walls; David E Dausch,2024,JMIR (exact sub-journal not specified in excerpt),10.2196/53977,https://www.ncbi.nlm.nih.gov/pmc/articles/PMC11339560/,Not available,Physiological Signals & Health,Exploratory observational study,"59 participants, 8-month continuous monitoring via Garmin Fenix 6 smartwatches",Interbeat interval (HRV); step count; self-reported symptoms/illness (respiratory infection focus),Demonstrates feasibility of an automated pipeline computing 'health risk scores' from continuous HRV/activity data linked to self-reported illness over an 8-month free-living period,"Exploratory design, not a validated diagnostic tool; illness labels are self-reported, introducing recall/reporting bias","Real-world (59-participant, 8-month) proof-of-concept that continuous wearable HRV monitoring combined with symptom logging can generate meaningful 'health risk' signals — directly analogous to SwasthyaSathi's personalization/baseline-learning goal.",heart rate variability; wearable; free-living; respiratory illness; health risk score
P04,The Sunrise SpO2 and Pulse Rate Accuracy Validation Study,Not available,Not available,ClinicalTrials.gov registry (NCT05386836),Not available,https://clinicaltrials.gov/study/NCT05386836,Not available,Physiological Signals & Health,Clinical accuracy validation trial (registry entry),Not specified in registry excerpt,SpO2 accuracy (ARMS) vs arterial blood CO-oximetry; pulse rate accuracy vs ECG,Trial protocol targets ARMS ≤3.5% accuracy standard for reflectance pulse oximetry across 70-100% SaO2 range,"This is a trial registration record, not a completed results publication — outcomes not yet confirmed in this source",Illustrates the rigorous clinical validation standard (ARMS ≤3.5%) that pulse-oximetry sensors must meet against arterial blood gold-standard — a useful accuracy benchmark to cite (not a completed-results source).,SpO2; pulse oximetry; accuracy validation; ARMS; clinical trial
P05,Validation of nocturnal resting heart rate and heart rate variability in consumer wearables,Michael B. Dial; Margaret E. Hollander; Emaly A. Vatne; Angela M. Emerson; Nathan A. Edwards; Joshua A. Hagen,2025,Physiological Reports,10.14814/phy2.70527,https://www.ncbi.nlm.nih.gov/pmc/articles/PMC12367097/,Not available,Physiological Signals & Health,Validation study,Not fully specified in excerpt,Nocturnal resting heart rate; HRV from consumer wearables,"Assesses validity of consumer wearable nocturnal HR/HRV metrics for potential clinical/monitoring use in cardiovascular disease, stress, and sleep-disorder populations",Focused on nocturnal metrics only; generalizability to daytime/active monitoring not addressed,"2025 validation study specifically on nighttime HR/HRV metrics from consumer wearables, relevant for baseline-establishment during rest/sleep in SwasthyaSathi's personalization engine.",heart rate variability; nocturnal; consumer wearables; validation
P06,A guide to consumer-grade wearables in cardiovascular clinical care and population health for non-experts,Not available,2025,npj Cardiovascular Health,Not available,https://www.nature.com/articles/s44325-025-00082-6,Not available,Physiological Signals & Health,Narrative review/guide,Synthesis of wearable validation literature,"SpO2, step count, HR from consumer wearables; agreement with medical-grade devices","SpO2 agreement with medical-grade pulse oximeters ranges from -2.7% to +5.9% (95% limits of agreement), with outliers up to 15%; frequent SpO2 underestimation noted in some devices",Consumer SpO2 accuracy varies substantially by device and skin/perfusion conditions; not validated for clinical diagnosis in patients with existing oxygenation disorders,"Important caution: consumer wearable SpO2 readings can deviate up to 15% from medical-grade values, meaning SwasthyaSathi should treat wearable SpO2 as a directional/trend signal, not a diagnostic-grade measurement.",consumer wearables; SpO2 accuracy; cardiovascular; population health
P07,State-of-the-art wearable sensors for cardiovascular health: a review,Not available,2025,npj Cardiovascular Health,Not available,https://www.nature.com/articles/s44325-025-00090-6,Not available,Physiological Signals & Health,Technical review,N/A (device/technology review),PPG sensor design (transmission vs reflection mode); heart rate; SpO2; pulse waveform,"Transmission-mode PPG (finger/ear clips) provides higher signal-to-noise ratio and better accuracy for SpO2/HR than reflection-mode (wrist) sensors, especially under low perfusion","Technical/engineering review, not a clinical outcomes study",Explains why sensor placement (finger/ear vs wrist) affects PPG-based HR/SpO2 accuracy — technically relevant for hardware design choices in the SwasthyaSathi wearable.,PPG; sensor design; wearable; SpO2; heart rate
S01,Does increased core temperature alter cognitive performance during exercise-induced heat strain? A narrative review,Not available,2023,Journal of Applied Physiology,Not available,https://journals.physiology.org/doi/abs/10.1152/japplphysiol.00070.2023,https://pubmed.ncbi.nlm.nih.gov/37141422/,Symptoms & Environmental Conditions,Narrative review,"31 included papers, exercise-heat studies","Core body temperature; cognitive performance (reaction time, memory, Stroop task); dehydration","Core temperature alone is not a sufficient predictor of cognitive impairment; reaction time, memory recall and Stroop-task performance are most sensitive to combined heat+dehydration strain",Evidence is 'equivocal' per the authors; heterogeneous exercise protocols and cognitive tests across studies limit direct comparison,"Important nuance for symptom logic: rising core temperature alone does NOT reliably predict cognitive/fatigue symptoms — combined physiological stressors (temperature + dehydration + exertion) matter more, so SwasthyaSathi should avoid single-variable causal claims about heat and cognitive symptoms.",core temperature; cognitive performance; heat strain; dehydration; narrative review
S02,Effects of heat strain on cognitive function among a sample of miners,Not available,Not available,Not available,Not available,https://pmc.ncbi.nlm.nih.gov/articles/PMC9170134/,Not available,Symptoms & Environmental Conditions,Controlled experimental study (environmental chamber),8 participants (miners),Heat stress (37.8°C); reaction time; Stroop effect; verbal memory; working memory,"Heat stress impaired serial reaction time, Stroop-task inhibition, and delayed memory; did NOT significantly affect continuous working memory (N-back) task","Very small sample (n=8); participants did not show clear dehydration, limiting ability to isolate heat vs. dehydration effects","Small controlled study showing heat stress selectively impairs some cognitive domains (reaction time, memory recall) but not others (working memory) — evidence that symptom relationships with heat are task/domain-specific, not uniform.",heat stress; cognitive function; reaction time; working memory; occupational
S03,High prevalence of hypohydration in occupations with heat stress—Perspectives for performance in combined cognitive and motor tasks,Not available,2018,PLOS ONE,Not available,https://journals.plos.org/plosone/article?id=10.1371%2Fjournal.pone.0205321,Not available,Symptoms & Environmental Conditions,Mixed occupational survey + controlled crossover laboratory study,139 workers (5 European industries) for hydration survey; 8 male participants for lab crossover,"Urine specific gravity (dehydration marker); core temperature elevation (1°C, 2°C); cognitive and motor task performance",Dehydration (~2% bodyweight deficit) aggravates the impact of hyperthermia on combined cognitive-motor task performance beyond either factor alone,"Lab sample very small (n=8, male only); occupational hydration survey and lab experiment are separate populations, not directly linked",Shows dehydration and heat interact synergistically to impair cognitive-motor performance — supports combined (not siloed) risk scoring for heat + hydration status rather than treating them as independent symptom triggers.,hypohydration; heat stress; cognitive-motor performance; occupational health
S04,Effects of heat stress and dehydration on cognitive function in elite female field hockey players,Not available,Not available,Not available,Not available,https://pmc.ncbi.nlm.nih.gov/articles/PMC6007074/,Not available,Symptoms & Environmental Conditions,Controlled experimental study,Elite female field hockey players,Exercise-induced dehydration (~2% body mass loss); working memory; vigilance; Stroop test,"Mixed/inconsistent findings on hypohydration's effect on cognition; complex Stroop-test performance actually improved in this cohort, contrasting with some other studies","Small elite-athlete sample not generalizable to general population or non-exercise heat exposure; findings partly contradict other heat-cognition studies, illustrating evidence inconsistency","Demonstrates that dehydration's effect on cognition is inconsistent across studies (this one found improved, not impaired, complex-task performance) — key evidence that SwasthyaSathi should NOT assert dehydration always causes cognitive symptoms.",dehydration; cognitive function; athletes; inconsistent evidence
S05,Heat Stroke,Not available,2023,"StatPearls (NCBI Bookshelf, NIH)",Not available,https://www.ncbi.nlm.nih.gov/books/NBK537135/,Not available,Symptoms & Environmental Conditions,Clinical reference/educational review,N/A (clinical reference),"Body temperature >40°C; CNS dysfunction (confusion, ataxia, delirium, seizures); heat exhaustion vs heat stroke continuum","Heat exhaustion symptoms: cramping, fatigue, dizziness, nausea, vomiting, headache. Heat stroke is distinguished by CNS dysfunction and typically (not always) >40°C body temperature","Educational/reference source, not a primary research study; clinical thresholds are guidelines, not universal cutoffs","Authoritative NIH clinical reference distinguishing heat exhaustion (cramping, fatigue, dizziness, nausea, headache) from heat stroke (CNS dysfunction plus high temperature) — core symptom taxonomy for SwasthyaSathi's risk-tiering logic.",heat stroke; heat exhaustion; CNS dysfunction; clinical reference
S06,Exertional heat stroke: an evidence based approach to clinical assessment and management,Not available,2022,Not available,Not available,https://pubmed.ncbi.nlm.nih.gov/35771080/,https://pubmed.ncbi.nlm.nih.gov/35771080/,Symptoms & Environmental Conditions,Clinical review,N/A (clinical management review),Exertional heat stroke; CNS dysfunction; field cooling; AVPU vital signs assessment,Prompt recognition and aggressive field cooling substantially reduce morbidity/mortality from exertional heat stroke; describes continuum-of-care from field to hospital,"Focused on exertional (physical activity-induced) heat stroke, which may differ mechanistically from classic/passive heat stroke in the elderly","Evidence-based clinical management pathway for exertional heat stroke, useful for structuring SwasthyaSathi's SOS/emergency escalation logic (recognition → field cooling → transport).",exertional heat stroke; field cooling; clinical management; emergency
S07,Exertional Heat Stroke and Rhabdomyolysis: A Medical Record Review and Patient Perspective on Management and Long-Term Symptoms,Nick Kruijt; L. R. van den Bersselaar; M. T. E. Hopman; M. M. J. Snoeck; M. van Rijswick; T. G. H. Wiggers; H. Jungbluth; C. C. W. G. Bongers; N. C. Voermans,2023,Sports Medicine - Open,10.1186/s40798-023-00570-y,https://www.ncbi.nlm.nih.gov/pmc/articles/PMC10199157/,Not available,Symptoms & Environmental Conditions,Prospective survey + retrospective medical record review,"60 participants (athletes and military, Netherlands, 2010-2020)",Exertional heat stroke/rhabdomyolysis; prehospital management; long-term (6/12-month) mental health outcomes,Prehospital management was inconsistent with guidelines in the majority of cases; self-reported risk factors included poor heat acclimatization (55%) and peer pressure (28%),"Self-reported survey component subject to recall bias; Netherlands-specific cohort, not necessarily representative of tropical/Indian heat exposure contexts","Real-world evidence that prehospital heat-stroke management is frequently inconsistent with guidelines, and that poor acclimatization is a major modifiable risk factor — supports SwasthyaSathi's acclimatization-aware personalization.",exertional heat stroke; rhabdomyolysis; acclimatization; prehospital management
S08,Heat-Related Illness (Recognition: Heat Exhaustion),Not available,Not available,Centers for Disease Control and Prevention (CDC),Not available,https://www.cdc.gov/nceh/hsb/extreme/Heat_Illness/page397.html,Not available,Symptoms & Environmental Conditions,Government clinical guidance,N/A (public health guidance),Heat exhaustion warning signs; progression risk to heat stroke,"Heat exhaustion signs: heavy sweating, paleness, muscle cramps, tiredness, weakness, dizziness, headache, nausea/vomiting, fainting, cool/moist skin, fast/weak pulse, fast/shallow breathing","Public health guidance document, not a primary research study; general population guidance, not individualized risk stratification",Authoritative CDC symptom checklist for heat exhaustion — directly usable as the canonical symptom list for SwasthyaSathi's heat-related symptom-matching logic.,heat exhaustion; CDC; symptom recognition; public health guidance
S09,"Short-term environmental nitrogen dioxide exposure and neurology clinic visits for headaches, a time-series study in Wuhan, China",Not available,Not available,Not available,Not available,https://pmc.ncbi.nlm.nih.gov/articles/PMC10161479/,Not available,Symptoms & Environmental Conditions,Time-series observational study,"11,436 neurology clinic visit records, Wuhan, China, Jan 2017-Nov 2019",Ambient NO2 concentration; neurology clinic visits for headache,"A 10 µg/m3 increase in NO2 corresponded to a 3.64% increase in daily headache-related neurology clinic visits (95% CI 1.02-6.32%, p=0.006)",Single-city (China) ecological time-series design cannot establish individual-level causation; unmeasured co-pollutants/weather confounders possible,Quantifies a modest but statistically significant association between short-term NO2 spikes and headache-related clinic visits — supports (with appropriate caveats) linking AQI/NO2 alerts to headache-symptom risk flags.,nitrogen dioxide; headache; time-series; air pollution; clinic visits
D01,Accuracy of Triage Systems in Disasters and Mass Casualty Incidents; a Systematic Review,Jafar Bazyar; Mehrdad Farrokhi; Amir Salari; Hamid Safarpour; Hamid Reza Khankeh,2022,Advanced Journal of Emergency Medicine,10.22037/aaem.v10i1.1526,https://www.ncbi.nlm.nih.gov/pmc/articles/PMC9078064/,https://pubmed.ncbi.nlm.nih.gov/35573710/,Disaster Health Management,Systematic review,"Global triage systems (START, mSTART, SALT, Smart, CareFlight, ASAV, MPTT, Sieve, ESI)","Triage system type; accuracy, sensitivity, specificity in disasters/mass casualty incidents","Most triage systems (START, mSTART, SALT, Smart, CareFlight, ASAV, MPTT, Sieve, ESI) had accuracy/sensitivity/specificity below 90%; only the 'Smart' system exceeded 90% overall accuracy",English-language studies only; substantial variability in how 'accuracy' was measured across included studies,Establishes that even standard disaster mass-casualty triage systems have imperfect accuracy (mostly <90%) — important context for SwasthyaSathi's SOS/triage feature to avoid overclaiming precision in emergency prioritization.,mass casualty triage; disaster medicine; START; SALT; accuracy
D02,Accuracy and Timeliness of Prehospital Global Triage System Protocols in Mass Disasters: A Systematic Review of Systematic Reviews,Not available,2025,Cureus,Not available,https://www.cureus.com/articles/412519-accuracy-and-timeliness-of-prehospital-global-triage-system-protocols-in-mass-disasters-a-systematic-review-of-systematic-reviews,https://www.ncbi.nlm.nih.gov/pmc/articles/PMC12539015/,Disaster Health Management,Systematic review of systematic reviews (PRISMA 2020),4 eligible studies (of 344 records) up to June 2025,"START, JumpSTART, SALT, MPTT protocols; AI-assisted triage; portable ultrasound diagnostic adjuncts","Reviews conventional triage protocols alongside emerging AI-assisted triage approaches and diagnostic adjuncts (e.g., portable ultrasound) for mass-disaster prehospital settings",Very few (4) eligible primary systematic reviews found; AI-assisted triage evidence base still nascent,"Most recent (2025) umbrella review noting that AI-assisted triage tools are emerging alongside classic protocols like START/SALT, but the evidence base remains limited — relevant precedent for SwasthyaSathi's own AI-assisted SOS/triage ambitions.",prehospital triage; mass disaster; AI-assisted triage; umbrella review
D03,Management of mass casualty incidents: a systematic review and clinical practice guideline update,Not available,2025,European Journal of Trauma and Emergency Surgery,Not available,https://link.springer.com/article/10.1007/s00068-024-02727-0,Not available,Disaster Health Management,Systematic review and clinical practice guideline (German national guideline update),"RCTs, cross-sectional, cohort and registry studies, MEDLINE/Embase to August 2021",Triage algorithms; MCI training; logistics/transport; decontamination; diagnosis/therapy in MCI settings,Key recommendation: triage quality improves with in-house exercises/virtual training using verified triage systems and algorithms,Guideline developed for German trauma-care context; applicability to India's disaster-response infrastructure not directly assessed,"Clinical practice guideline emphasizing that regular training on verified triage protocols — not just the protocol itself — is what improves mass-casualty triage quality; relevant to how SwasthyaSathi's SOS guidance should be framed as a complement to, not replacement for, trained responders.",mass casualty incident; clinical practice guideline; triage training
D04,Floods and human health: A systematic review,Not available,2012,Environment International (per ScienceDirect metadata),Not available,https://www.sciencedirect.com/science/article/abs/pii/S0160412012001237,Not available,Disaster Health Management,Systematic mapping review,"83 papers (of 1,331 screened), PubMed and Web of Science, 1994-2014","Flood exposure; mental health outcomes (PTSD, depression, anxiety); disease outbreaks","Increased risk of disease outbreaks (hepatitis E, gastrointestinal disease, leptospirosis) post-flood, particularly with poor hygiene/displacement; flood exposure systematically associated with mental health problems, though causal strength limited by lack of longitudinal data",Authors explicitly note the 'paucity of longitudinal studies and lack of confounding controls precludes strong conclusions' on mental health causality,"Landmark systematic review establishing flood-related infectious disease risks (leptospirosis, hepatitis E, GI disease) as well-supported, while flagging that flood-mental-health links, though consistent, lack strong causal evidence — a key 'do not overclaim causation' example.",flood; infectious disease; mental health; leptospirosis; systematic review
D05,Mortality and morbidity risks associated with floods: A systematic review and meta-analysis,Not available,2024,Not available,Not available,https://www.sciencedirect.com/science/article/pii/S0013935124021704,Not available,Disaster Health Management,Systematic review and meta-analysis,Global flood-exposed populations,"Flood exposure; all-cause mortality; gastrointestinal disease, diarrhea, dysentery, malaria, respiratory disease morbidity","Flood exposure associated with elevated risk of all-cause mortality and morbidity from GI diseases, diarrhea, dysentery, malaria, and respiratory disease","Authors note studies remain scarce in most countries/territories, limiting global generalizability","Quantifies the specific disease categories (GI illness, malaria, respiratory disease) elevated after flooding — useful for structuring post-flood health advisories in SwasthyaSathi's disaster module.",flood; mortality; morbidity; malaria; gastrointestinal disease
D06,Human impacts of flood disasters: A global systematic review (1980-2025),Not available,2026,Not available,Not available,https://www.sciencedirect.com/science/article/pii/S261665182600165X,Not available,Disaster Health Management,Global systematic review,"Global, 1980-2025",Flood exposure; mortality; injury; displacement; disease risk; mental health; livelihood disruption,"Mental health impacts (PTSD, depression, anxiety, grief) persisted for months/years post-flood; vulnerability highest among children, older adults, and socially isolated groups","Vulnerable subgroups such as migrants, linguistic minorities, and homeless populations rarely addressed in primary literature","Most recent and comprehensive (45-year) global review confirming flood mental-health impacts can persist for months to years, and identifying children, elderly and socially isolated people as consistently highest-risk groups.",flood; mental health; PTSD; vulnerability; global review
D07,Health Risks of Flood Disasters,Not available,2018,Clinical Infectious Diseases,Not available,https://academic.oup.com/cid/article/67/9/1450/4945455,Not available,Disaster Health Management,Narrative clinical review,Synthesis of post-flood case reports/studies,Respiratory infection; aspiration pneumonia; gastroenteritis; skin/soft-tissue infection post-flood,Acute respiratory infection was the most common infectious disease requiring consultation after flooding in US/UK reports; floodwater aspiration can cause pneumonia complicated by pulmonary necrosis/abscess,Narrative review drawing on disparate case series across different countries and flood events,"Clinical detail on the specific infection types (respiratory, aspiration pneumonia, GI, skin) that commonly follow flood exposure — useful for post-flood advisory content in the disaster module.",flood; respiratory infection; aspiration pneumonia; clinical review
D08,Mental Health Disorders Due to Disaster Exposure: A Systematic Review and Meta-Analysis,Not available,Not available,Not available,Not available,https://www.ncbi.nlm.nih.gov/pmc/articles/PMC10153020/,Not available,Disaster Health Management,Systematic review and meta-analysis,"Storms (5,151 affected), floods (38,456 affected), earthquakes (4,563 affected) across included studies","Disaster type (flood, storm/cyclone, earthquake); GAD, depression, PTSD, substance use, adjustment disorder prevalence","Pooled effect estimates: flood 0.07, storm/cyclone 0.18, earthquake 0.15 (all statistically significant, p<0.05) for mental health disorder prevalence; overall pooled effect size was small (0.129)",Wide prevalence ranges across included studies (5.8%-87.6%) indicate high heterogeneity; overall pooled effect size is small despite statistical significance,"Quantitative synthesis giving disaster-type-specific mental health impact estimates (storms > earthquakes > floods in this analysis) — useful for calibrating expected psychological impact by disaster type, while noting the overall pooled effect is modest.",disaster mental health; PTSD; earthquake; flood; cyclone; meta-analysis
AI01,"Benchmarking retrieval-augmented large language models in biomedical NLP: Application, robustness, and self-awareness",Mingchen Li; Zaifu Zhan; Han Yang; Yongkang Xiao; Huixue Zhou; Jiatan Huang; Rui Zhang,2025,Science Advances,10.1126/sciadv.adr1443,https://www.ncbi.nlm.nih.gov/pmc/articles/PMC12637297/,Not available,AI in Healthcare,Benchmarking study,N/A (model benchmarking),Retrieval-augmented LLMs (RALs); biomedical NLP tasks; robustness; self-awareness (knowing when not to answer),"RALs can reduce hallucination and improve adaptation to new knowledge versus standalone LLMs, but performance on biomedical NLP tasks specifically remained underexplored prior to this benchmark","Benchmarking study on NLP tasks, not a clinical deployment/outcomes study","Peer-reviewed benchmark (Science Advances) establishing that retrieval-augmented LLMs can reduce hallucination in biomedical NLP, directly supporting SwasthyaSathi's own RAG-based architecture choice — but performance is task-dependent, not universally guaranteed.",retrieval-augmented generation; biomedical NLP; hallucination; benchmarking
AI02,MEGA-RAG: a retrieval-augmented generation framework with multi-evidence guided answer refinement for mitigating hallucinations of LLMs in public health,Not available,Not available,Not available,Not available,https://www.ncbi.nlm.nih.gov/pmc/articles/PMC12540348/,Not available,AI in Healthcare,Framework development and evaluation study,N/A (system evaluation vs baselines),"Multi-source evidence retrieval (dense + BM25 + knowledge graph); hallucination rate; accuracy, precision, recall, F1","MEGA-RAG reduced hallucination rates by over 40% versus baseline models (PubMedBERT, PubMedGPT, standalone LLM, standard RAG), achieving accuracy 0.79, F1 0.79",Evaluated on the authors' own benchmark; real-world public-health deployment validation not yet reported,Directly relevant public-health-specific RAG architecture showing a >40% hallucination reduction versus standard RAG — a concrete design pattern (multi-source retrieval + reranking + discrepancy-aware refinement) SwasthyaSathi could emulate.,RAG; hallucination reduction; public health; knowledge graph; LLM
AI03,Optimization of hepatological clinical guidelines interpretation by large language models: a retrieval augmented generation-based framework,Simone Kresevic; Mauro Giuffrè; Milos Ajcevic; Agostino Accardo; Lory S. Crocè; Dennis L. Shung,2024,npj Digital Medicine,10.1038/s41746-024-01091-y,https://www.ncbi.nlm.nih.gov/pmc/articles/PMC11039454/,Not available,AI in Healthcare,Framework development with ablation study,N/A (guideline-QA framework),RAG + prompt engineering; guideline formatting strategies; answer-generation accuracy for Hepatitis C management guidelines,RAG-based framework with structured guideline formatting improved answer accuracy for clinical guideline interpretation vs baseline LLM use,"Single disease domain (Hepatitis C); ablation study on formatting, not a full clinical deployment trial",Concrete example of RAG improving accuracy when LLMs interpret structured clinical guidelines — supports SwasthyaSathi's approach of grounding advice in structured knowledge-base documents rather than free LLM generation.,RAG; clinical guidelines; LLM; hepatology; prompt engineering
AI04,Representation Before Retrieval: Structured Patient Artifacts Reduce Hallucination in Clinical AI Systems,Not available,2026,"medRxiv (preprint, not yet peer-reviewed)",Not available,https://www.medrxiv.org/content/10.64898/2026.02.13.26346256v1.full,Not available,AI in Healthcare,Comparative system evaluation (preprint),N/A (system comparison across 4 conditions),Baseline LLM; standard RAG; artifact-augmented generation; multi-step verified agent workflow,"Standard RAG over raw clinical text INCREASED hallucination nearly 9-fold versus baseline in this study — contradicting the common assumption that RAG always reduces hallucination; structured, provenance-tracked representations performed much better",PREPRINT — not yet peer-reviewed; findings specific to clinical-text RAG implementations and may not generalize to all RAG architectures,"Critical caution for SwasthyaSathi's own architecture: this (preprint, unreviewed) study found that naive RAG over raw text can dramatically INCREASE hallucination versus no retrieval at all — the quality/structure of retrieved knowledge (not just retrieval itself) determines reliability, so knowledge-base curation matters more than a simple retrieval pipeline.",RAG; hallucination; clinical AI; preprint; structured data
AI05,Triage and Diagnostic Accuracy of Online Symptom Checkers: Systematic Review,Eva Riboli-Sasco; Austen El-Osta; Aos Alaa; Iman Webber; Manisha Karki; Marie Line El Asmar; Katie Purohit; Annabelle Painter; Benedict Hayhoe,2023,Journal of Medical Internet Research (JMIR),10.2196/43803,https://www.ncbi.nlm.nih.gov/pmc/articles/PMC10276326/,Not available,AI in Healthcare,Systematic review,"14 studies of 21,296 screened, 2010-2022",Online symptom checker (OSC) triage accuracy; diagnostic accuracy,Evidence on OSC triage/diagnostic accuracy remains inconclusive overall; accuracy varies substantially by tool and condition type,"Only 14 of 21,296 identified studies met strict inclusion criteria, reflecting a thin evidence base","Systematic review confirming that online symptom checkers (a category SwasthyaSathi partly resembles) have inconclusive, tool-dependent accuracy — reinforces the need for conservative, non-diagnostic framing of any AI symptom guidance.",symptom checker; triage accuracy; diagnostic accuracy; systematic review
AI06,The diagnostic and triage accuracy of digital and online symptom checker tools: a systematic review,Not available,2022,npj Digital Medicine,Not available,https://www.ncbi.nlm.nih.gov/pmc/articles/PMC9385087/,Not available,AI in Healthcare,Systematic review (QUADAS-2 quality assessment),10 studies of 177 screened,Symptom checker primary diagnostic accuracy; triage accuracy,Primary diagnostic accuracy was low (range 19-37.9%) across included symptom checkers; triage accuracy was higher but still variable (48.8-90.1%),"Small number of eligible studies (10); tools and conditions tested were heterogeneous, limiting generalizable accuracy claims",Concrete quantitative evidence that standalone symptom-checker diagnostic accuracy can be as low as 19-37.9% — a strong caution against SwasthyaSathi presenting any AI-generated 'diagnosis' as reliable; triage-level guidance is comparatively more defensible.,symptom checker; diagnostic accuracy; triage; QUADAS-2
AI07,Effect of Clinical Decision-Support Systems: A Systematic Review,Not available,2012,Annals of Internal Medicine,Not available,https://www.acpjournals.org/doi/10.7326/0003-4819-157-1-201207030-00450,Not available,AI in Healthcare,Systematic review of randomized controlled trials,"RCTs of electronic CDSS through Jan 2011 (MEDLINE, CINAHL, PsycINFO, Web of Science)",CDSS use; clinical outcomes; health-care process; workload/efficiency; patient satisfaction; cost,"Evidence to support widespread clinical benefit of CDSS was found to be limited overall despite growing use, per this landmark systematic review",Effect on hard clinical outcomes (not just process measures) was inconsistently demonstrated across included RCTs,"Landmark, widely-cited systematic review establishing that clinical decision-support systems, despite widespread adoption, had limited proven impact on hard clinical outcomes as of the early 2010s — a sobering evidence baseline against which newer AI-CDSS claims (including SwasthyaSathi's) should be measured.",clinical decision support system; CDSS; systematic review; RCT
AI08,A systematic review on the effectiveness and impact of clinical decision support systems for breathlessness,Not available,2022,Not available,Not available,https://www.ncbi.nlm.nih.gov/pmc/articles/PMC9392800/,Not available,AI in Healthcare,Systematic review (PROSPERO CRD42020163141),"37 studies (30 RCTs), 2000-2021",CDSS for breathlessness; patient health outcomes; provider use; diagnostic concordance; economic evaluation,Reviews CDSS impact specifically on breathlessness/respiratory-symptom management across primary care and ED settings,"Mixed evidence quality; outcome types varied widely across the 37 included studies, limiting a single pooled effect conclusion","Symptom-specific (breathlessness) CDSS evidence review, directly relevant to how SwasthyaSathi should evaluate its own respiratory-symptom decision logic against a body of prior CDSS research.",clinical decision support; breathlessness; respiratory symptoms; systematic review
W01,"Edge AI and TinyML in IoT Systems: A Review of Applications, Architectures and Limitations",Not available,2026,Not available,Not available,https://www.researchgate.net/publication/408419857_Edge_AI_and_TinyML_in_IoT_Systems_A_Review_of_Applications_Architectures_and_Limitations,Not available,Wearables & Remote Health Monitoring,Technical literature review,N/A (technology review),"Edge AI; TinyML; IoT architectures; health monitoring, wearables, environmental monitoring applications","TinyML enables on-device movement classification, fall detection, and basic heart-rhythm/anomaly detection without transmitting raw sensitive health data to the cloud, improving privacy, latency, and energy efficiency",Review of the technology field broadly; specific accuracy/reliability figures for health applications not detailed in this source,"Foundational technical review directly supporting SwasthyaSathi's stated offline-first, on-device TinyML/TensorFlow Lite architecture — confirms this is an established, credible approach for privacy-preserving health monitoring, not a novel/unproven concept.",TinyML; edge AI; IoT; wearables; privacy; on-device inference
W02,A REVIEW ON EDGE AI FOR LOW-LATENCY HEALTH MONITORING IN WEARABLE IOT DEVICES: CHALLENGES AND FUTURE DIRECTIONS,Not available,2025,Not available,Not available,https://www.researchgate.net/publication/394508944_A_REVIEW_ON_EDGE_AI_FOR_LOW-LATENCY_HEALTH_MONITORING_IN_WEARABLE_IOT_DEVICES_CHALLENGES_AND_FUTURE_DIRECTIONS,Not available,Wearables & Remote Health Monitoring,Technical literature review,N/A (technology review),Cloud-edge AI frameworks; Internet of Medical Things (IoMT); federated learning for medical big data,Reviews cloud-edge AI hybrid frameworks and federated learning approaches for enabling real-time diagnostic feedback while preserving data security in IoMT wearables,Broad review with limited quantitative performance benchmarks for any single application,Reviews federated learning and cloud-edge hybrid architectures for wearable health monitoring — directly relevant to SwasthyaSathi's stated Federated Learning (Flower Framework) privacy protocol.,edge AI; IoMT; federated learning; low-latency health monitoring
W03,Machine edge-aware IoT framework for real-time health monitoring: Sensor fusion and AI-driven emergency response in decentralized networks,Not available,2025,Not available,Not available,https://www.sciencedirect.com/science/article/pii/S1110016825009263,Not available,Wearables & Remote Health Monitoring,System design and implementation study,N/A (hardware/system prototype),"ECG, SpO2, accelerometer, temperature sensor fusion; TinyML anomaly detection; BLE 5.0 mesh networking",AI-based decision logic achieved processing latency <100ms for emergent-event detection; BLE 5.0 mesh network provided decentralized redundancy for emergency communication without relying on constant cloud connectivity,System/engineering demonstration; clinical validation of emergency-detection accuracy not detailed in this source,"Closely analogous system architecture to SwasthyaSathi's own design (sensor fusion + TinyML + decentralized/offline mesh alerting), demonstrating sub-100ms on-device anomaly detection is achievable — a useful technical benchmark/precedent.",sensor fusion; TinyML; BLE mesh network; emergency response; decentralized IoT
W04,Reliable ECG Anomaly Detection on Edge Devices for Internet of Medical Things Applications,Not available,2025,Sensors,10.3390/s25082496,https://www.ncbi.nlm.nih.gov/pmc/articles/PMC12031393/,Not available,Wearables & Remote Health Monitoring,System development and evaluation study,N/A (embedded system evaluation),TinyML-based ECG anomaly/arrhythmia detection on resource-constrained microcontrollers,"Demonstrates feasibility of robust, real-time ECG anomaly detection running entirely on low-power embedded devices without cloud dependency",Peer-reviewed but technology/engineering-focused; clinical sensitivity/specificity for specific arrhythmia types not detailed in the retrieved excerpt,Peer-reviewed (Sensors journal) demonstration of on-device TinyML ECG anomaly detection — directly supports the technical feasibility of SwasthyaSathi's edge-AI cardiac monitoring claims.,ECG; TinyML; edge AI; IoMT; anomaly detection
R01,Heat stress in older individuals and patients with common chronic diseases,Not available,2010 (original); updated version 2026,CMAJ (Canadian Medical Association Journal),Not available,https://www.cmaj.ca/content/182/10/1053,Not available,Personalized Health & Risk Assessment,Clinical review,"Adults >60 years and patients with obesity, hypertension, cardiovascular/pulmonary disease, diabetes","Age; chronic disease status; heat-related illness risk (cramps, exhaustion, heat stroke)","Age over 60, obesity, hypertension, cardiovascular/pulmonary disease, and long-standing diabetes each independently increase heat-related illness risk; homebound lifestyle and reduced mobility are compounding factors","Narrative clinical review, not a quantitative meta-analysis; risk-factor list is not exhaustive nor individually weighted","Core clinical reference for defining SwasthyaSathi's chronic-disease and age-based risk multipliers for heat exposure — foundational to personalization logic, though it is a narrative synthesis rather than pooled statistical evidence.",heat stress; chronic disease; elderly; obesity; diabetes; cardiovascular disease
R02,Physiological factors characterizing heat-vulnerable older adults: A narrative review,Not available,2020,Not available,Not available,https://www.sciencedirect.com/science/article/pii/S016041202031864X,Not available,Personalized Health & Risk Assessment,Narrative review,"Older adults with cardiovascular disease, hypertension, obesity, type 2 diabetes, chronic kidney disease","Age-related physiological dysfunction (thermoregulation, hemodynamic stability, hydration status); heat-related acute events (heatstroke, cardiovascular events, acute kidney injury)","Summarizes mechanisms by which aging impairs thermoregulation, hemodynamic stability and hydration status, elevating risk of heatstroke, major cardiovascular events, and acute kidney injury during heatwaves",Narrative (non-systematic) synthesis of mechanistic literature; does not provide pooled quantitative risk estimates,"Provides the physiological mechanism (not just epidemiological correlation) linking aging to heat vulnerability across three distinct pathways — thermoregulation, cardiovascular, and renal — useful for explaining WHY elderly users receive elevated risk scores, not just flagging that they do.",older adults; thermoregulation; heat vulnerability; cardiovascular disease; kidney injury
R03,Aging and Thermoregulatory Control: The Clinical Implications of Exercising under Heat Stress in Older Individuals,Not available,Not available,Not available,Not available,https://pmc.ncbi.nlm.nih.gov/articles/PMC6098859/,Not available,Personalized Health & Risk Assessment,Narrative clinical review,"Older individuals, including those with chronic heart/lung disease",Sweating response; skin blood flow (SkBF); age-related thermoregulatory impairment,"Aging is associated with attenuated sweating and SkBF responses to heat, elevating heat-illness risk especially during physical activity",Mechanistic review; individual variability in aging-related decline not quantified,Mechanistic evidence that reduced sweating/skin-blood-flow responses (not just 'being older' as a category) drive elevated heat-illness risk in aging — supports physiologically-grounded (not purely age-bracket-based) personalization.,thermoregulation; aging; sweating; skin blood flow; heat illness
R04,Unveiling heat vulnerability of older adults: an assessment of emergency hospital admissions in Switzerland,Not available,2026,International Journal of Epidemiology,Not available,https://academic.oup.com/ije/article/55/2/dyag044/8627096,Not available,Personalized Health & Risk Assessment,Retrospective cohort/administrative data analysis,"Older adults, Switzerland, emergency hospital admissions (EHA)","Sex; pre-existing conditions (cancer, COPD, coronary heart disease, anxiety, dementia); heat-related EHA risk",Distinct sex-specific vulnerability profiles found: males with cardiovascular burden and females with cognitive impairment showed elevated heat-EHA risk; risk patterns also varied by combination of pre-existing condition and admission diagnosis,Switzerland-specific population and healthcare-admission patterns; generalizability to India's demographic/climate context not established,"Sophisticated 2026 analysis showing heat vulnerability is not just 'age' but a specific combination of sex and pre-existing condition (e.g., male+cardiovascular vs. female+cognitive impairment) — supports more nuanced, multi-factor personalization rather than single-variable age/sex risk flags.",heat vulnerability; sex differences; emergency admissions; comorbidity; elderly
R05,Factors associated with older adults' perception of health risks of hot and cold weather event exposure: A scoping review,Not available,Not available,Not available,Not available,https://www.ncbi.nlm.nih.gov/pmc/articles/PMC9686383/,Not available,Personalized Health & Risk Assessment,Scoping review,Older adults,"Risk perception factors: knowledge, comorbidity, self-identity, weather-severity perception, regional climate beliefs, past experience, protective-behavior misconceptions, locus of control","31% of individuals with a heart condition and 28% with a lung condition did NOT perceive themselves as at risk from heatwaves, despite objectively elevated risk",Scoping review format identifies themes but does not quantify pooled prevalence across all included studies,"Critical behavioral-science finding: many high-risk elderly individuals with heart/lung conditions underestimate their own heat risk — strongly supports the value of an automated, objective early-warning system like SwasthyaSathi rather than relying on self-perceived risk.",risk perception; older adults; heatwave; behavioral factors; comorbidity
R06,Pediatric Thermoregulation: Considerations in the Face of Global Climate Change,Not available,2019,Nutrients,10.3390/nu11092010,https://www.ncbi.nlm.nih.gov/pmc/articles/PMC6770410/,Not available,Personalized Health & Risk Assessment,Narrative review,Infants and children,Sweat rate; core temperature response; hydration status; thermoregulatory capability,"Accumulating evidence counters the historical assumption that children have categorically inferior thermoregulation; differences from adults are limited during mild/moderate heat, with elevated risk emerging mainly at environmental extremes",Narrative review; evidence base described as still evolving with some contradicting findings across cited studies,"Important nuance-correction: children are NOT uniformly more heat-vulnerable than adults under all conditions — risk is concentrated at environmental extremes and modifiable factors (hydration, clothing) — so SwasthyaSathi should avoid a blanket 'children are always higher risk' rule.",pediatric thermoregulation; children; climate change; heat illness
R07,"The Influence of Heat on Pediatric and Perinatal Health: Risks, Evidence, and Future Directions",Not available,Not available,Not available,Not available,https://pmc.ncbi.nlm.nih.gov/articles/PMC11856792/,Not available,Personalized Health & Risk Assessment,Narrative review,Children and perinatal populations,Sweat rate; body surface area-to-mass ratio; core temperature; heart rate,"Children (especially youngest) exhibit higher core temperatures, higher heart rates, and lower sweat rates than adults during physical activity in heat; higher body-surface-area-to-mass ratio increases heat-gain risk when air temperature exceeds skin temperature","Regional differences in climate, socioeconomic factors and healthcare access complicate global generalization of risk patterns","Provides the physiological mechanism for pediatric heat vulnerability (surface-area-to-mass ratio, sweat rate) specifically for the youngest children, complementing R06's more nuanced finding that risk isn't uniform across all children.",pediatric heat health; perinatal; thermoregulation; body surface area
R08,Narrative Review on Infants' Thermoregulatory Response to Heat,Not available,Not available,Not available,Not available,https://www.ncbi.nlm.nih.gov/pmc/articles/PMC12386404/,Not available,Personalized Health & Risk Assessment,Narrative review,Infants,Thermoregulatory mechanisms; sweat gland maturity; caregiver dependency,"Literature is genuinely mixed: some researchers find infant thermoregulation immature/underdeveloped (especially prepubertal sweat mechanisms), while others argue this is a common misconception true mainly for preterm infants only",Authors explicitly note conflicting positions in the literature — no clear consensus on the degree of infant thermoregulatory immaturity for term infants,Explicitly documents a genuine scientific disagreement about infant heat vulnerability (term vs. preterm) — an example of evidence SwasthyaSathi should present cautiously rather than as settled fact.,infant thermoregulation; preterm; heat vulnerability; conflicting evidence
R09,Wearable Sensor Technology to Predict Core Body Temperature: A Systematic Review,Not available,2026 (indexed update of 2022 publication),Not available,Not available,https://pmc.ncbi.nlm.nih.gov/articles/PMC9572283/,Not available,Personalized Health & Risk Assessment,Systematic review,"Athletes, military personnel, occupational heat-exposed workers","Wearable-based core body temperature (CBT) prediction; machine learning personalization variables (user characteristics, workout intensity, environment)","Machine-learning-based CBT prediction models incorporating individual user characteristics offer more accurate, personalized heat-illness prevention than generic heat-index-only approaches",Most validation studies conducted in athletic/military/occupational settings — may not generalize to general civilian populations including elderly/sedentary users,Directly validates SwasthyaSathi's 'hyper-personalized health baseline' concept: ML models using individual physiological + environmental data outperform generic heat-index thresholds for predicting core body temperature risk.,core body temperature; wearable prediction; machine learning; personalization; heat illness
R10,Predicting indoor personalized heat stress using wearable sensors and data-driven models,Not available,2024,Not available,Not available,https://www.sciencedirect.com/science/article/abs/pii/S2352710224023295,Not available,Personalized Health & Risk Assessment,Field study with model development,"7 older adults, low-income urban housing, Houston, Texas",Wearable sensor data; building/AC usage; metabolic rate; personalized heat index model,"Occupant-centric model integrating wearable data, building information, and AC usage improved personalized heat-event prediction for vulnerable older adults compared to isolated environmental measures alone","Very small sample (n=7); single geographic/housing context, not validated across diverse populations",Small but directly relevant field study demonstrating that combining wearable physiological data with environmental/building context personalizes heat-risk prediction better than environment-only models — architecturally similar to SwasthyaSathi's risk fusion engine.,personalized heat stress; wearable sensors; older adults; indoor environment
R11,Personalized indoor heat stress response modeling and assessment for improved building thermal resilience,Not available,2025,Not available,Not available,https://www.sciencedirect.com/science/article/abs/pii/S0378778825006954,Not available,Personalized Health & Risk Assessment,Experimental study with ML model comparison,Human subjects in controlled indoor heat exposure experiments,"Individual physiological/perceptual variation; four ML algorithms (random forest, SVM, k-NN, ANN) for personal heat-stress prediction","Population-averaged heat-strain metrics (e.g., Predicted Heat Strain model) underperform individualized ML models that account for inter-individual variation in physiological/perceptual heat response",Indoor-only experimental context; model comparison performance not detailed with specific accuracy figures in the retrieved excerpt,Reinforces that population-average heat-risk formulas (like standard heat index/PHS) are measurably less accurate than individualized models — the core scientific rationale for SwasthyaSathi's personalized-baseline approach over generic AQI/temperature thresholds alone.,personalized heat stress; machine learning; individual variation; thermal resilience
R12,Towards personalized cardiometabolic risk prediction: A fusion of exposome and AI,Not available,Not available,Not available,Not available,https://www.ncbi.nlm.nih.gov/pmc/articles/PMC11742829/,Not available,Personalized Health & Risk Assessment,Model development and validation study,"3,237 CVD cases + 3,237 matched controls, South Korea, multi-center cohort","109 exposome variables (environmental, lifestyle, mental health, early-life factors); cardiovascular disease risk prediction (Random Forest)","Exposome-based ML model achieved comparable performance (AUC 0.82, 0.70, 0.73 across validation sets) to models using clinical/physical variables, supporting environmental-exposure-based risk prediction as a viable complement to clinical data",South Korea-specific cohort; exposome variable availability and relevance may differ substantially in the Indian context,"Demonstrates that broad environmental/lifestyle 'exposome' data can predict cardiovascular risk about as well as clinical variables alone — supporting SwasthyaSathi's premise that environment-fused risk scoring is scientifically credible, not just a convenience given limited medical data access.",exposome; cardiometabolic risk; AI; personalized risk prediction
